<config xmlns:xsi="http://www.w3.org/2001/XMLSchema-instance" xsi:noNamespaceSchemaLocation="urn:magento:module:Magento_Config:etc/system_file.xsd">
    <system>
        <section id="payment">
            <group id="mercadopago_configurations" translate="label" type="text" sortOrder="50" showInDefault="1" showInWebsite="1" showInStore="1">
                <label>Mercado Pago</label>
                <include path="MercadoPago_Core::system/credentials.xml"/>
                <include path="MercadoPago_Core::system/order_management.xml"/>
                <include path="MercadoPago_Core::system/custom_checkout.xml"/>
                <include path="MercadoPago_Core::system/custom_checkout_ticket.xml"/>
                <include path="MercadoPago_Core::system/basic_checkout.xml"/>
                <include path="MercadoPago_Core::system/custom_checkout_bank_transfer.xml"/>
                <include path="MercadoPago_Core::system/advanced.xml"/>
            </group>
        </section>
    </system>
</config>