<?xml version="1.0"?>
<include xmlns:xsi="http://www.w3.org/2001/XMLSchema-instance" xsi:noNamespaceSchemaLocation="urn:magento:module:Magento_Config:etc/system_include.xsd">
    <group id="mercadopago_advanced" translate="label" type="text" sortOrder="50" showInDefault="1" showInWebsite="1" showInStore="1">
        <label>Advanced</label>

        <field id="heading_store_settings" translate="label" sortOrder="0" showInDefault="1" showInWebsite="1">
            <label>Store Settings</label>
            <frontend_model>Magento\Config\Block\System\Config\Form\Field\Heading</frontend_model>
            <attribute type="shared">1</attribute>
        </field>

        <field id="sponsor_id" translate="label" type="text" sortOrder="5" showInDefault="0" showInWebsite="0" showInStore="0">
            <label>Sponsor ID</label>
            <config_path>payment/mercadopago/sponsor_id</config_path>
        </field>

        <field id="category_id" translate="label comment" type="select" sortOrder="10" showInDefault="1" showInWebsite="1" showInStore="0">
            <label>Category of your store</label>
            <source_model>MercadoPago\Core\Model\System\Config\Source\Category</source_model>
            <config_path>payment/mercadopago/category_id</config_path>
        </field>

        <field id="use_successpage_mp" translate="label comment" type="select" sortOrder="20" showInDefault="1" showInStore="0" showInWebsite="1">
            <label>Use Mercado Pago Success Page</label>
            <source_model>Magento\Config\Model\Config\Source\Yesno</source_model>
            <config_path>payment/mercadopago/use_successpage_mp</config_path>
            <comment>The successful page of the Mercado Pago module is prepared to show messages for each Payment status, this page is also prepared to show the payment button with ticket. If you use the default page of Magento, you will have to customize it to show the button for payment of the Ticket.</comment>
        </field>

        <field id="consider_discount" translate="label comment" type="select" sortOrder="40" showInDefault="1" showInStore="0" showInWebsite="1">
            <label>Show Discount Coupon</label>
            <source_model>Magento\Config\Model\Config\Source\Yesno</source_model>
            <config_path>payment/mercadopago/consider_discount</config_path>
            <comment>Enabling this option will show the discount coupon amount in the order details</comment>
        </field>

        <field id="heading_email" translate="label" sortOrder="50" showInDefault="1" showInWebsite="1">
            <label>Email Options</label>
            <frontend_model>Magento\Config\Block\System\Config\Form\Field\Heading</frontend_model>
            <attribute type="shared">1</attribute>
            <config_path>payment/mercadopago/heading_email</config_path>
        </field>

        <field id="email_order_create" translate="label comment" type="select" sortOrder="60" showInDefault="1" showInWebsite="1" showInStore="0">
            <label>Order creation email</label>
            <source_model>Magento\Config\Model\Config\Source\Yesno</source_model>
            <config_path>payment/mercadopago/email_order_create</config_path>
            <comment>Email sent when the order is created does not mean that the payment has been approved</comment>
        </field>

        <field id="email_order_update" translate="label comment" type="multiselect" sortOrder="70" showInDefault="1" showInWebsite="1" showInStore="0">
            <label>Order update email</label>
            <source_model>MercadoPago\Core\Model\System\Config\Source\ListStatus</source_model>
            <config_path>payment/mercadopago/email_order_update</config_path>
            <comment>Select the statuses you want to send update emails to. This email is only sent when the order status is updated. It is not sent on the first status update because the order creation email is sent. If the order creation email is deactivated, then the email of the first order update will be sent</comment>
        </field>

        <field id="heading_developer" translate="label" sortOrder="80" showInDefault="1" showInWebsite="1">
            <label>Developer Options</label>
            <frontend_model>Magento\Config\Block\System\Config\Form\Field\Heading</frontend_model>
            <attribute type="shared">1</attribute>
        </field>

        <field id="logs" translate="label comment" type="select" sortOrder="90" showInDefault="1" showInWebsite="1" showInStore="0">
            <label>Log to File</label>
            <source_model>Magento\Config\Model\Config\Source\Yesno</source_model>
            <config_path>payment/mercadopago/logs</config_path>
            <comment>A file named mercadopago.log will be created in your store's log folder (var/log). This file will contain the module debug, where it will help to understand the behavior of the module.</comment>
        </field>

        <field id="version" translate="label" type="label" sortOrder="110" showInDefault="1" showInWebsite="1" showInStore="1">
            <label>Current Version</label>
            <backend_model>MercadoPago\Core\Block\Adminhtml\System\Config\Version</backend_model>
        </field>
    </group>
</include>
