<?xml version="1.0"?>
<include xmlns:xsi="http://www.w3.org/2001/XMLSchema-instance" xsi:noNamespaceSchemaLocation="urn:magento:module:Magento_Config:etc/system_include.xsd">
    <group id="mercadopago_credentials" translate="label" type="text" sortOrder="10" showInDefault="1" showInWebsite="1" showInStore="1">
        <label>Credentials</label>

        <field id="public_key" translate="label" type="text" sortOrder="10" showInDefault="1" showInWebsite="1" showInStore="0">
            <label>Public Key</label>
            <config_path>payment/mercadopago/public_key</config_path>
        </field>

        <field id="access_token" translate="label comment" type="text" sortOrder="20" showInDefault="1" showInWebsite="1" showInStore="0">
            <label>Access Token</label>
            <config_path>payment/mercadopago/access_token</config_path>
            <comment><![CDATA[Get your credentials access_token and public_key, visit the country in which your account was created: <a href="https://www.mercadopago.com/mla/account/credentials" target="_blank">Argentina</a>, <a href="https://www.mercadopago.com/mlb/account/credentials" target="_blank">Brazil</a>, <a href="https://www.mercadopago.com/mlc/account/credentials" target="_blank">Chile</a>, <a href="https://www.mercadopago.com/mco/account/credentials" target="_blank">Colombia</a>, <a href="https://www.mercadopago.com/mlm/account/credentials" target="_blank">Mexico</a>, <a href="https://www.mercadopago.com/mlu/account/credentials" target="_blank">Uruguay</a> and <a href="https://www.mercadopago.com/mpe/account/credentials" target="_blank">Peru</a>.]]></comment>
        </field>
    </group>
</include>