<?xml version="1.0"?>
<include xmlns:xsi="http://www.w3.org/2001/XMLSchema-instance" xsi:noNamespaceSchemaLocation="urn:magento:module:Magento_Config:etc/system_include.xsd">
    <group id="mercadopago_order_management" translate="label" type="text" sortOrder="30" showInDefault="1" showInWebsite="1" showInStore="1">
        <label>Order Management</label>

        <field id="heading_order_status" translate="label" sortOrder="10" showInDefault="1" showInWebsite="1">
            <label>Automatic update of Order Status (Webhooks)</label>
            <frontend_model>Magento\Config\Block\System\Config\Form\Field\Heading</frontend_model>
            <attribute type="shared">1</attribute>
        </field>
        
        <field id="order_status_approved" translate="label" type="select" sortOrder="20" showInDefault="1" showInWebsite="1" showInStore="0">
            <label>Order status when payment is approved</label>
            <source_model>MercadoPago\Core\Model\System\Config\Source\Order\Status</source_model>
            <config_path>payment/mercadopago/order_status_approved</config_path>
        </field>
        
        <field id="order_status_in_process" translate="label" type="select" sortOrder="30" showInDefault="1" showInWebsite="1" showInStore="0">
            <label>Order status when payment is in_process</label>
            <source_model>MercadoPago\Core\Model\System\Config\Source\Order\Status</source_model>
            <config_path>payment/mercadopago/order_status_in_process</config_path>
        </field>
        
        <field id="order_status_pending" translate="label" type="select" sortOrder="40" showInDefault="1" showInWebsite="1" showInStore="0">
            <label>Order status when payment is pending</label>
            <source_model>MercadoPago\Core\Model\System\Config\Source\Order\Status</source_model>
            <config_path>payment/mercadopago/order_status_pending</config_path>
        </field>
        
        <field id="order_status_rejected" translate="label" type="select" sortOrder="50" showInDefault="1" showInWebsite="1" showInStore="0">
            <label>Order status when payment is rejected</label>
            <source_model>MercadoPago\Core\Model\System\Config\Source\Order\Status</source_model>
            <config_path>payment/mercadopago/order_status_rejected</config_path>
        </field>
        
        <field id="order_status_cancelled" translate="label" type="select" sortOrder="60" showInDefault="1" showInWebsite="1" showInStore="0">
            <label>Order status when payment is canceled</label>
            <source_model>MercadoPago\Core\Model\System\Config\Source\Order\Status</source_model>
            <config_path>payment/mercadopago/order_status_cancelled</config_path>
        </field>
        
        <field id="order_status_chargeback" translate="label" type="select" sortOrder="70" showInDefault="1" showInWebsite="1" showInStore="0">
            <label>Order status when payment is chargeback</label>
            <source_model>MercadoPago\Core\Model\System\Config\Source\Order\Status</source_model>
            <config_path>payment/mercadopago/order_status_chargeback</config_path>
        </field>
        
        <field id="order_status_in_mediation" translate="label" type="select" sortOrder="80" showInDefault="1" showInWebsite="1" showInStore="0">
            <label>Order status when payment is in_mediation</label>
            <source_model>MercadoPago\Core\Model\System\Config\Source\Order\Status</source_model>
            <config_path>payment/mercadopago/order_status_in_mediation</config_path>
        </field>
        
        <field id="order_status_refunded" translate="label" type="select" sortOrder="90" showInDefault="1" showInWebsite="1" showInStore="0">
            <label>Order status when payment is refunded</label>
            <source_model>MercadoPago\Core\Model\System\Config\Source\Order\Status</source_model>
            <config_path>payment/mercadopago/order_status_refunded</config_path>
        </field>
        
        <field id="order_status_partially_refunded" translate="label" type="select" sortOrder="100" showInDefault="1" showInWebsite="1" showInStore="0">
            <label>Order status when payment is partually refunded</label>
            <source_model>MercadoPago\Core\Model\System\Config\Source\Order\Status</source_model>
            <config_path>payment/mercadopago/order_status_partially_refunded</config_path>
        </field>
        
        <field id="heading_order" translate="label" sortOrder="110" showInDefault="1" showInWebsite="1">
            <label>API Integration</label>
            <frontend_model>Magento\Config\Block\System\Config\Form\Field\Heading</frontend_model>
            <attribute type="shared">1</attribute>
        </field>
        
        <field id="refund_available" translate="label comment" type="select" sortOrder="120" showInDefault="1" showInWebsite="1" showInStore="0">
            <label>Refund payment</label>
            <source_model>Magento\Config\Model\Config\Source\Yesno</source_model>
            <config_path>payment/mercadopago/refund_available</config_path>
            <comment>Enable payment refund when a Credit Memo is created, the refund will occur if the payment is Approved.</comment>
        </field>
        
        <field id="cancel_payment" translate="label comment" type="select" sortOrder="120" showInDefault="1" showInWebsite="1" showInStore="0">
            <label>Cancel payment</label>
            <source_model>Magento\Config\Model\Config\Source\Yesno</source_model>
            <config_path>payment/mercadopago/cancel_payment</config_path>
            <comment>Enable automatic cancellation of Payment in the Mercado Pago when an order is canceled. Payment is only canceled when payment is pending or in_process.</comment>
        </field>
    </group>
</include>