<?xml version="1.0"?>
<config xmlns:xsi="http://www.w3.org/2001/XMLSchema-instance" xsi:noNamespaceSchemaLocation="urn:magento:framework:ObjectManager/etc/config.xsd">
    <type name="Magento\Framework\Notification\MessageList">
        <arguments>
            <argument name="messages" xsi:type="array">
                <item name="builtin_conflict_message" xsi:type="string">Signifyd\Connect\Model\Message\BuiltinConflict</item>
            </argument>
        </arguments>
    </type>

    <!-- Plugins -->
    <type name="Magento\Sales\Block\Adminhtml\Order\View">
        <plugin name="Signifyd_Connect_Plugin_Magento_Sales_Block_Adminhtml_Order_View" type="\Signifyd\Connect\Plugin\Magento\Sales\Block\Adminhtml\Order\View" />
    </type>

    <type name="Magento\Sales\Controller\Adminhtml\Order\Unhold">
        <plugin name="Signifyd_Connect_Plugin_Magento_Sales_Controller_Adminhtml_Order_Unhold" type="\Signifyd\Connect\Plugin\Magento\Sales\Controller\Adminhtml\Order\Unhold" />
    </type>
</config>
