<?xml version="1.0"?>
<include xmlns:xsi="http://www.w3.org/2001/XMLSchema-instance" xsi:noNamespaceSchemaLocation="urn:magento:module:Magento_Config:etc/system_include.xsd">
    <group id="general" translate="label" type="text" sortOrder="300" showInDefault="1" showInWebsite="1" showInStore="1">
        <label>General Settings</label>
        <field id="enabled" translate="label comment" type="select" sortOrder="10" showInDefault="1" showInWebsite="1" showInStore="1">
            <label>Enable Extension</label>
            <comment>Enables the syncing of Magento orders to Signifyd. Enable this setting ONLY AFTER you've completed the configuration of the plugin.</comment>
            <source_model>Magento\Config\Model\Config\Source\Yesno</source_model>
            <backend_model>Signifyd\Connect\Model\System\Config\Backend\Enabled</backend_model>
        </field>
        <field id="key" translate="label comment" type="text" sortOrder="20" showInDefault="1" showInWebsite="1" showInStore="1">
            <label>Signifyd API Key</label>
            <comment><![CDATA[Your API key can be found on the <a href="https://app.signifyd.com/settings" target="_blank" title="This external link will open in a new window">settings page</a> in the Signifyd console. Don't have an account? <a href="https://www.signifyd.com/contact/" target="_blank" title="This external link will open in a new window">Contact us</a>]]></comment>
        </field>
    </group>
</include>
