<?xml version="1.0"?>
<include xmlns:xsi="http://www.w3.org/2001/XMLSchema-instance" xsi:noNamespaceSchemaLocation="urn:magento:module:Magento_Config:etc/system_include.xsd">
    <group id="webhook" translate="label comment" type="text" sortOrder="450" showInDefault="1" showInWebsite="1" showInStore="1">
        <label>Webhook Url</label>
        <field id="url" translate="label comment" type="label" sortOrder="36" showInDefault="1" showInWebsite="1" showInStore="1">
            <label>Webhook Url</label>
            <comment><model>Signifyd\Connect\Model\WebhookLink</model></comment>
        </field>
        <field id="register_webhook" translate="label comment" type="button" sortOrder="37" showInDefault="1" showInWebsite="1" showInStore="1">
            <label>Register Webhook</label>
            <comment />
            <frontend_model>Signifyd\Connect\Block\Adminhtml\System\Config\Button\Webhook</frontend_model>
        </field>
    </group>
</include>
