<?xml version="1.0"?>
<config xmlns:xsi="http://www.w3.org/2001/XMLSchema-instance" xsi:noNamespaceSchemaLocation="urn:magento:module:Magento_Cron:etc/crontab.xsd">
    <group id="default">
        <job name="cron_retry" instance="Signifyd\Connect\Cron\RetryCaseJob" method="execute">
            <schedule>*/1 * * * *</schedule>
        </job>
        <job name="cron_retry_fulfillment" instance="Signifyd\Connect\Cron\RetryFulfillmentJob" method="execute">
            <schedule>*/5 * * * *</schedule>
        </job>
    </group>
</config>
