<?xml version="1.0"?>
<!--
/**
 * @copyright Copyright (c) 2015 Signifyd (http://www.signifyd.com)
 */
-->
<config xmlns:xsi="http://www.w3.org/2001/XMLSchema-instance" xsi:noNamespaceSchemaLocation="urn:magento:framework:Module/etc/module.xsd">
    <module name="Signifyd_Connect" setup_version="4.2.1">
        <sequence>
            <module name="Magento_Sales" />
            <module name="Magento_Payment" />
            <module name="Magento_Directory" />
            <module name="Magento_Config" />
        </sequence>
    </module>
</config>
