<?xml version="1.0"?>
<config xmlns:xsi="http://www.w3.org/2001/XMLSchema-instance" xsi:noNamespaceSchemaLocation="urn:magento:framework:ObjectManager/etc/config.xsd">
    <!-- Routers -->
    <type name="Magento\Framework\App\RouterList">
        <arguments>
            <argument name="routerList" xsi:type="array">
                <item name="signifydconnectrouter" xsi:type="array">
                    <item name="class" xsi:type="string">Signifyd\Connect\Controller\Router</item>
                    <item name="disable" xsi:type="boolean">false</item>
                    <item name="sortOrder" xsi:type="string">22</item>
                </item>
            </argument>
        </arguments>
    </type>

    <!-- Sections -->
    <type name="Magento\Customer\CustomerData\SectionPoolInterface">
        <arguments>
            <argument name="sectionSourceMap" xsi:type="array">
                <item name="signifyd-fingerprint" xsi:type="string">Signifyd\Connect\CustomerData\Fingerprint</item>
            </argument>
        </arguments>
    </type>
</config>
