<?xml version="1.0"?>
<config xmlns:xsi="http://www.w3.org/2001/XMLSchema-instance" xsi:noNamespaceSchemaLocation="urn:magento:framework:Module/etc/module.xsd">
    <module name="MercadoPago_Core" setup_version="3.7.2">
        <sequence>
            <module name="Magento_Sales"/>
            <module name="Magento_Payment"/>
            <module name="Magento_Directory"/>
            <module name="Magento_Quote"/>
            <module name="Magento_Config"/>
            <module name="Magento_Checkout"/>
        </sequence>
    </module>
</config>
