<?xml version="1.0"?><!--
/**
 * Copyright © 2015 Magento. All rights reserved.
 * See COPYING.txt for license details.
 */
-->
<payment xmlns:xsi="http://www.w3.org/2001/XMLSchema-instance" xsi:noNamespaceSchemaLocation="urn:magento:module:Magento_Payment:etc/payment.xsd">
    <methods>
        <method name="mercadopago_custom">
            <allow_multiple_address>1</allow_multiple_address>
        </method>
        <method name="mercadopago_customticket">
            <allow_multiple_address>1</allow_multiple_address>
        </method>
        <method name="mercadopago_custom_bank_transfer">
            <allow_multiple_address>1</allow_multiple_address>
        </method>
        <method name="mercadopago_basic">
            <allow_multiple_address>1</allow_multiple_address>
        </method>
    </methods>
</payment>
